City_ID,City,Lat,Lng,Max Temp,Humidity,Cloudiness,Wind Speed,Country,Date
0,jamestown,42.097,-79.2353,35.19,83,100,18.99,US,1704936588
1,isafjordur,66.0755,-23.124,40.19,83,39,13.18,IS,1704937070
2,punta arenas,-53.15,-70.9167,51.91,76,40,23.02,CL,1704937070
3,jinghong,21.991,100.7341,65.84,47,16,1.79,CN,1704937071
4,port-aux-francais,-49.35,70.2167,42.76,89,99,25.23,TF,1704937072
5,tazovsky,67.4667,78.7,-4.0,84,100,25.21,RU,1704937073
6,bodaybo,57.8506,114.1933,-22.29,99,83,1.12,RU,1704937073
7,woolgoolga,-30.1106,153.2007,86.04,71,95,9.13,AU,1704937074
8,kuchinda,21.7333,84.35,65.97,66,22,3.29,IN,1704937074
9,saint-joseph,-21.3667,55.6167,75.58,79,61,11.61,RE,1704937075
10,grytviken,-54.2811,-36.5092,38.64,96,94,9.19,GS,1704937077
11,salinas,36.6777,-121.6555,53.55,93,100,9.22,US,1704936867
12,colares,38.7992,-9.4469,55.33,92,74,10.0,PT,1704937078
13,ewo,-0.8725,14.8206,75.69,84,100,7.14,CG,1704937078
14,nova olinda do norte,-3.8881,-59.0942,74.37,98,100,2.42,BR,1704937079
15,bethel,41.3712,-73.414,44.76,60,40,10.36,US,1704937080
16,palikir - national government center,6.9248,158.1611,86.85,74,75,11.5,FM,1704937080
17,port elizabeth,-33.918,25.5701,67.32,98,100,3.44,ZA,1704937026
18,invercargill,-46.4,168.35,66.02,81,100,8.99,NZ,1704937081
19,longyearbyen,78.2186,15.6401,12.04,85,100,12.66,SJ,1704937082
20,chonchi,-42.6128,-73.8092,56.41,94,13,4.25,CL,1704937082
21,sanandaj,35.3144,46.9923,33.82,93,75,2.3,IR,1704936890
22,paita,-5.0892,-81.1144,74.46,82,82,11.41,PE,1704937084
23,bereznik,62.8551,42.7072,8.11,97,100,2.57,RU,1704937084
24,uturoa,-16.7333,-151.4333,82.67,77,100,13.24,PF,1704937085
25,laguna,38.421,-121.4238,55.69,84,100,16.11,US,1704937085
26,albany,42.6001,-73.9662,39.16,72,91,1.01,US,1704937086
27,waitangi,-43.9535,-176.5597,64.81,79,100,18.59,NZ,1704937086
28,luderitz,-26.6481,15.1594,60.6,90,5,13.56,NA,1704937087
29,iqaluit,63.7506,-68.5145,-24.07,69,20,3.44,CA,1704937081
30,atafu village,-8.5421,-172.5159,84.7,72,71,9.51,TK,1704937089
31,huarmey,-10.0681,-78.1522,73.53,82,100,7.43,PE,1704937089
32,thunder bay,48.4001,-89.3168,13.98,79,100,9.22,CA,1704936841
33,port mathurin,-19.6833,63.4167,82.62,75,5,7.87,MU,1704937090
34,dudhi,24.2167,83.25,55.81,52,0,3.0,IN,1704937091
35,badger,64.8,-147.5333,-7.35,77,20,8.05,US,1704936991
36,opuwo,-18.0607,13.84,66.67,39,100,5.01,NA,1704937092
37,geraldton,-28.7667,114.6,79.21,65,100,18.41,AU,1704937093
38,georgetown,5.4112,100.3354,82.94,84,20,5.75,MY,1704937093
39,sitka,57.0531,-135.33,31.89,37,100,9.22,US,1704937094
40,papatowai,-46.5619,169.4708,66.13,65,82,9.8,NZ,1704937094
41,haiku-pauwela,20.9219,-156.3051,79.03,66,40,23.02,US,1704937095
42,tarakan,3.3,117.6333,85.5,89,20,6.91,ID,1704937095
43,constantia,44.1833,28.65,21.88,81,8,13.15,RO,1704937096
44,ust-nera,64.5667,143.2,-46.55,97,86,2.98,RU,1704937096
45,college,64.8569,-147.8028,-7.28,77,20,8.05,US,1704937097
46,simanggang,1.2472,111.4528,78.78,94,20,2.3,MY,1704937099
47,blackmans bay,-43.0167,147.3167,73.53,45,8,2.77,AU,1704937100
48,pangody,65.85,74.4859,0.88,95,100,25.99,RU,1704937100
49,wailua homesteads,22.0669,-159.378,72.39,76,20,9.22,US,1704937101
50,sinabang,2.4803,96.3801,81.88,79,100,4.47,ID,1704937102
51,minas de marcona,-15.2119,-75.1103,63.86,86,62,11.59,PE,1704937103
52,cidade velha,14.9167,-23.6167,70.27,78,20,8.05,CV,1704937103
53,el calafate,-50.3408,-72.2768,52.81,74,86,12.41,AR,1704937104
54,okhotsk,59.3833,143.3,-22.85,82,48,8.39,RU,1704937105
55,afaahiti,-17.75,-149.2833,82.27,80,100,17.87,PF,1704937105
56,soio,-6.1349,12.3689,79.74,79,64,8.1,AO,1704937107
57,carnarvon,-24.8667,113.6333,78.85,64,0,18.97,AU,1704937107
58,puerto deseado,-47.7503,-65.8938,53.1,58,41,4.61,AR,1704937108
59,margaret river,-33.95,115.0667,72.55,51,100,9.69,AU,1704937108
60,edinburgh of the seven seas,-37.0676,-12.3116,60.84,83,100,1.32,SH,1704937109
61,belmonte,-15.8631,-38.8828,76.68,84,99,5.77,BR,1704937109
62,nabire,-3.3667,135.4833,81.25,78,100,1.61,ID,1704937110
63,adamstown,-25.066,-130.1015,76.44,82,55,11.01,PN,1704937110
64,tadine,-21.55,167.8833,83.37,69,6,8.93,NC,1704937111
65,fisterra,42.9049,-9.2629,46.74,65,27,14.63,ES,1704937111
66,hoopeston,40.4673,-87.6684,31.8,79,57,13.02,US,1704937112
67,stanley,54.868,-1.6985,40.77,92,75,9.22,GB,1704937112
68,raigarh,21.9,83.4,66.97,66,11,3.44,IN,1704937113
69,khovd,48.0056,91.6419,19.94,71,79,9.26,MN,1704937113
70,gadzhiyevo,69.2551,33.3362,22.46,71,100,23.02,RU,1704937115
71,saipan,15.1355,145.701,84.9,74,40,8.05,MP,1704937116
72,port douglas,-16.4833,145.4667,79.52,84,100,3.31,AU,1704937116
73,fale old settlement,-9.3852,-171.2468,84.72,71,100,10.27,TK,1704937117
74,utrik,11.2278,169.8474,80.17,80,53,22.82,MH,1704937117
75,san patricio,28.017,-97.5169,66.06,83,78,7.63,US,1704937118
76,bilibino,68.0546,166.4372,-39.53,99,34,4.12,RU,1704937118
77,ushuaia,-54.8,-68.3,47.86,76,75,34.52,AR,1704937092
78,cox's bazar,21.4532,91.9798,64.54,62,56,10.78,BD,1704937119
79,ishqoshim,36.7248,71.6133,28.72,37,100,3.15,TJ,1704937120
80,shar'ya,58.3686,45.5144,3.97,91,100,8.99,RU,1704937121
81,chibougamau,49.9168,-74.3659,19.02,93,100,4.61,CA,1704937121
82,whitehorse,60.7161,-135.0538,-12.23,77,0,4.61,CA,1704937122
83,west island,-12.1568,96.8225,78.78,94,100,5.75,CC,1704937123
84,tofol,5.3248,163.0078,82.24,76,95,18.84,FM,1704937124
85,chui,-33.6971,-53.4616,71.2,97,100,5.14,UY,1704937124
86,altay,47.8667,88.1167,30.87,89,100,1.95,CN,1704937125
87,itoman,26.1247,127.6694,63.37,49,75,21.85,JP,1704937125
88,harper,4.375,-7.7169,79.2,84,56,10.6,LR,1704937126
89,qaqortoq,60.7167,-46.0333,28.08,95,92,3.13,GL,1704937127
90,cherepanovo,54.2222,83.381,6.33,88,100,21.12,RU,1704937127
91,happy valley-goose bay,53.3168,-60.3315,7.11,61,100,4.61,CA,1704937128
92,pariaman,-0.619,100.12,80.65,89,100,6.15,ID,1704937129
93,port alfred,-33.5906,26.891,68.18,97,99,4.63,ZA,1704937130
94,daru,-9.0763,143.2092,85.51,66,100,3.4,PG,1704937130
95,polyarnyy,69.1989,33.4478,22.28,73,100,21.9,RU,1704937131
96,kizilcahamam,40.4697,32.6506,31.62,85,88,5.77,TR,1704937131
97,neiafu,-18.65,-173.9833,88.48,66,20,9.22,TO,1704937133
98,guiyang,26.5833,106.7167,45.09,100,100,4.47,CN,1704937134
99,trairi,-3.2778,-39.2689,80.44,75,7,8.34,BR,1704937135
100,quiberon,47.4841,-3.1196,34.07,79,41,10.0,FR,1704937135
101,dunedin,-45.8742,170.5036,82.08,32,100,3.09,NZ,1704937136
102,puerto baquerizo moreno,-0.9,-89.6,76.68,82,31,7.18,EC,1704937136
103,puerto natales,-51.7236,-72.4875,46.81,91,100,6.98,CL,1704937137
104,magadan,59.5667,150.8,-7.31,86,93,4.76,RU,1704937137
105,wickenburg,33.9686,-112.7296,47.44,39,9,5.64,US,1704937138
106,rio grande,-32.035,-52.0986,74.95,87,100,6.58,BR,1704937045
107,cranbrook,49.4999,-115.7688,19.24,93,75,0.0,CA,1704937005
108,amga,60.8953,131.9608,-36.29,98,83,0.94,RU,1704937139
109,quellon,-43.1167,-73.6167,52.36,91,66,8.21,CL,1704937140
110,radashkovichy,54.1551,27.2424,32.16,98,100,17.94,BY,1704937216
111,roxas,11.5853,122.7511,80.15,84,41,10.6,PH,1704937216
112,ribeira grande,38.5167,-28.7,61.77,92,51,30.0,PT,1704937217
113,yeonil,35.9942,129.345,40.62,47,2,10.96,KR,1704937217
114,santa elena de uairen,4.6167,-61.1333,68.45,84,100,4.29,VE,1704937218
115,murghob,38.1702,73.9667,7.83,72,3,5.77,TJ,1704937219
116,olyokminsk,60.3736,120.4264,-18.56,100,79,2.82,RU,1704937219
117,narvik,68.4384,17.4272,33.39,95,100,5.39,NO,1704937220
118,iskateley,67.6803,53.1512,-10.98,96,77,8.99,RU,1704937221
119,candolim,15.5181,73.7626,77.0,65,20,6.91,IN,1704937221
120,arraial do cabo,-22.9661,-42.0278,76.77,90,84,19.19,BR,1704937219
121,karratha,-20.7377,116.8463,97.61,29,23,10.47,AU,1704937222
122,turpan,42.9333,89.1667,26.2,60,99,1.5,CN,1704937223
123,hermanus,-34.4187,19.2345,62.4,90,4,9.98,ZA,1704937224
124,brandon,27.9378,-82.2859,55.9,88,0,3.44,US,1704937056
125,port saint john's,-31.6229,29.5448,70.59,91,97,3.78,ZA,1704937226
126,antofagasta,-23.65,-70.4,69.08,80,55,3.42,CL,1704937226
127,rikaze,29.25,88.8833,28.98,18,0,1.36,CN,1704937227
128,taltal,-25.4,-70.4833,69.15,75,2,4.81,CL,1704937227
129,yarmouth,41.7057,-70.2286,46.02,69,0,19.57,US,1704937228
130,kavieng,-2.5744,150.7967,84.36,70,100,1.77,PG,1704937229
131,lihue,21.9789,-159.3672,72.99,75,20,9.22,US,1704937229
132,avarua,-21.2078,-159.775,82.45,69,75,10.36,CK,1704937230
133,abadan,30.3392,48.3043,64.35,77,0,13.8,IR,1704937230
134,barcelos,41.5388,-8.6151,46.92,94,10,5.08,PT,1704936932
135,hami,42.8,93.45,23.76,59,7,2.95,CN,1704937232
136,la ronge,55.1001,-105.2842,-21.75,69,0,6.91,CA,1704937232
137,hurghada,27.2574,33.8129,59.04,25,0,18.41,EG,1704936967
138,dryden,49.7833,-92.7503,12.49,85,100,8.05,CA,1704937234
139,villa gesell,-37.2639,-56.973,68.05,72,50,6.02,AR,1704937126
140,quelimane,-17.8786,36.8883,80.55,89,20,3.44,MZ,1704937235
141,vilyuchinsk,52.9306,158.4028,3.47,69,100,5.61,RU,1704937235
142,saint-denis,48.9167,2.3333,31.08,78,75,9.22,FR,1704937236
143,coquimbo,-29.9533,-71.3436,62.33,82,0,8.05,CL,1704937236
144,puerto ayora,-0.7393,-90.3518,77.56,93,5,1.01,EC,1704937238
145,nouadhibou,20.931,-17.0347,64.38,59,0,6.91,MR,1704937238
146,enewetak,11.3474,162.3373,81.07,81,8,18.81,MH,1704937239
147,port lincoln,-34.7333,135.8667,71.82,61,0,10.67,AU,1704937239
148,ilulissat,69.2167,-51.1,28.42,86,100,9.22,GL,1704937240
149,rio pomba,-21.2747,-43.1792,72.5,92,100,3.2,BR,1704937240
150,eforie sud,44.0229,28.6494,22.01,79,8,13.51,RO,1704937241
151,beira,-19.8436,34.8389,77.09,94,20,4.32,MZ,1704937241
152,acarau,-2.8856,-40.12,80.62,77,7,12.08,BR,1704937176
153,saint-francois,46.4154,3.9054,33.24,94,100,4.61,FR,1704937242
154,ziro,27.6333,93.8333,27.34,61,0,1.92,IN,1704937243
155,fort bragg,35.139,-79.006,44.82,76,0,0.0,US,1704937074
156,udachny,66.4167,112.4,-31.56,73,59,3.65,RU,1704937244
157,severo-yeniseyskiy,60.3725,93.0408,-0.38,74,100,15.84,RU,1704937244
158,cole harbour,44.6724,-63.4751,43.99,93,97,7.0,CA,1704937245
159,inarajan village,13.2736,144.7484,86.14,84,92,6.46,GU,1704937245
160,dogonbadan,30.3586,50.7981,37.49,70,0,0.0,IR,1704937246
161,north perth,43.7251,-80.9672,28.98,92,100,11.77,CA,1704937246
162,yellowknife,62.456,-114.3525,-37.68,67,40,5.75,CA,1704937167
163,mount gambier,-37.8333,140.7667,73.72,46,3,8.37,AU,1704937247
164,darnah,32.767,22.6367,56.68,63,85,11.25,LY,1704937248
165,colonia,50.9333,6.95,27.86,93,0,1.14,DE,1704937233
166,kabinda,-6.1333,24.4833,66.33,95,100,2.82,CD,1704937249
167,cabo san lucas,22.8909,-109.9124,68.76,51,75,8.05,MX,1704936952
168,vanersborg,58.3807,12.3234,21.9,85,28,4.61,SE,1704937250
169,shenjiamen,29.9576,122.298,43.23,55,7,2.73,CN,1704937251
170,noumea,-22.2763,166.4572,93.18,91,29,6.87,NC,1704937251
171,jiuquan,39.7432,98.5174,30.09,20,7,3.2,CN,1704937252
172,hadibu,12.65,54.0333,73.8,83,70,11.88,YE,1704937252
173,thompson,55.7435,-97.8558,-12.84,70,100,8.05,CA,1704937196
174,bikenibeu village,1.3673,173.1241,84.16,89,40,8.05,KI,1704937253
175,zaragoza,41.6561,-0.8773,42.03,73,0,19.57,ES,1704937254
176,lloren,16.3331,120.4329,83.16,56,13,5.61,PH,1704937254
177,portland,45.5234,-122.6762,42.78,92,100,7.0,US,1704937177
178,fada,9.5667,8.3,63.99,11,0,6.13,NG,1704937256
179,isla mujeres,21.2311,-86.731,73.45,82,98,9.06,MX,1704937256
180,robore,-18.3333,-59.75,80.47,71,8,5.73,BO,1704937256
181,oranjemund,-28.55,16.4333,63.68,85,100,6.76,NA,1704937257
182,bakaly,55.1789,53.8028,-14.35,99,88,9.48,RU,1704937258
183,tiksi,71.6872,128.8694,-26.73,94,100,12.1,RU,1704937258
184,mao,39.8885,4.2658,48.76,100,75,5.75,ES,1704937259
185,peace river,56.2501,-117.286,-16.29,69,100,3.44,CA,1704937244
186,loukhi,66.0764,33.0381,15.35,82,95,14.72,RU,1704937260
187,alice springs,-23.7,133.8833,96.35,21,3,15.43,AU,1704937261
188,lata,40.1629,-8.3327,50.92,98,86,2.42,PT,1704937261
189,alenquer,-1.9417,-54.7383,77.99,80,95,5.32,BR,1704937262
190,sao joao da barra,-21.6403,-41.0511,77.0,86,100,19.57,BR,1704937263
191,hawaiian paradise park,19.5933,-154.9731,78.73,90,100,6.91,US,1704937264
192,zaozersk,69.4005,32.4476,21.63,70,100,17.6,RU,1704937265
193,nuku'alofa,-21.1333,-175.2,88.14,74,40,17.27,TO,1704937266
194,bredasdorp,-34.5322,20.0403,64.99,84,93,7.16,ZA,1704937266
195,bridlington,54.0831,-0.1919,41.52,72,100,12.88,GB,1704937012
196,kargil,34.5667,76.1,15.03,36,18,1.68,IN,1704937268
197,guerrero negro,27.9769,-114.0611,60.96,72,9,15.68,MX,1704937268
198,sabha,27.0377,14.4283,50.65,31,95,7.83,LY,1704937269
199,aldinga beach,-35.2793,138.4604,88.27,38,0,5.77,AU,1704937270
200,mhamid,29.82,-5.72,54.41,27,0,3.78,MA,1704937270
201,port macquarie,-31.4333,152.9167,85.89,66,2,10.98,AU,1704937271
202,ninotsminda,41.2646,43.5916,15.76,97,91,2.68,GE,1704937272
203,kodiak,57.79,-152.4072,35.11,75,100,3.44,US,1704937273
204,rawdon,46.0501,-73.7159,33.75,93,92,11.41,CA,1704937023
205,yashkul',46.1711,45.3435,15.87,82,99,7.11,RU,1704937274
206,pemba,-12.974,40.5178,78.53,86,100,8.3,MZ,1704937274
207,cidreira,-30.1811,-50.2056,74.89,90,100,4.61,BR,1704937275
208,la sarre,48.8002,-79.1996,8.74,91,100,11.36,CA,1704937059
209,nemuro,43.3236,145.575,22.08,53,2,7.87,JP,1704937276
210,mount pearl,47.5166,-52.7813,24.96,83,100,13.8,CA,1704937277
211,abilene,32.4487,-99.7331,54.93,34,0,8.05,US,1704937277
212,hilo,19.7297,-155.09,78.94,91,100,6.91,US,1704937278
213,barah,13.7,30.3667,68.25,39,0,11.12,SD,1704937279
214,malanville,11.8685,3.3899,69.64,13,3,7.07,BJ,1704937279
215,rancho palos verdes,33.7445,-118.387,58.23,76,0,7.0,US,1704937166
216,sinan,34.8262,126.1086,32.11,64,6,10.71,KR,1704937281
217,selfoss,63.9331,-20.9971,43.84,79,99,14.65,IS,1704937281
218,san juan,-31.5375,-68.5364,77.76,62,14,16.71,AR,1704937282
219,lebu,-37.6167,-73.65,55.54,86,0,18.14,CL,1704937284
220,kayangel,8.0823,134.7173,82.99,79,13,14.36,PW,1704937285
221,st. john's,47.5649,-52.7093,25.79,83,100,13.8,CA,1704937285
222,horta,38.5333,-28.6333,61.02,92,60,30.0,PT,1704937286
223,la passe,45.5549,-0.8967,34.03,80,83,7.94,FR,1704937286
224,knysna,-34.0363,23.0471,66.65,96,95,4.59,ZA,1704937287
225,viedma,-40.8135,-62.9967,58.41,55,0,13.76,AR,1704937288
226,ancud,-41.8697,-73.8203,52.95,84,0,4.56,CL,1704937288
227,lagos,6.5833,3.75,78.08,91,100,3.36,NG,1704937093
228,niquero,20.0431,-77.5828,78.55,77,100,12.39,CU,1704937290
229,amos,48.5669,-78.1162,10.8,92,100,10.16,CA,1704937290
230,bannu,32.9854,70.6027,50.02,27,3,1.9,PK,1704937291
231,bhinmal,25.0,72.25,51.94,38,25,8.37,IN,1704937292
232,codrington,-38.2667,141.9667,68.25,65,0,11.74,AU,1704937292
233,bay harbor,30.1471,-85.6146,48.06,88,42,4.56,US,1704937293
234,harstad,68.799,16.5293,29.62,96,100,6.22,NO,1704937293
235,amungan,15.3652,119.9582,82.74,65,15,2.84,PH,1704937294
236,roswell,34.0232,-84.3616,39.4,79,0,0.0,US,1704937084
237,selty,57.3132,52.1345,-11.74,100,93,4.88,RU,1704937295
238,xining,36.6167,101.7667,27.3,25,0,2.33,CN,1704937296
239,namibe,-15.1961,12.1522,69.44,73,100,6.71,AO,1704937296
240,ulanhot,46.0833,122.0833,8.76,86,100,4.07,CN,1704937297
241,port-cartier,50.0334,-66.8654,26.82,97,100,29.91,CA,1704937297
242,ingeniero guillermo n. juarez,-23.9,-61.85,92.35,36,32,10.49,AR,1704937298
243,kruisfontein,-34.0033,24.7314,64.89,99,73,2.33,ZA,1704937298
244,revda,56.801,59.9303,-10.98,93,100,12.48,RU,1704937299
245,bintulu,3.1667,113.0333,84.61,83,20,2.3,MY,1704937301
246,jatibonico,21.9419,-79.17,73.56,88,47,4.45,CU,1704937301
247,kalmunai,7.4167,81.8167,79.59,84,100,11.39,LK,1704937302
248,vorgashor,67.5833,63.95,-24.23,99,96,6.93,RU,1704937303
249,edinburg,55.9521,-3.1965,41.2,92,100,10.36,GB,1704937070
250,popilnia,49.9665,29.4435,27.99,86,100,15.59,UA,1704937304
251,kedougou,12.5579,-12.1743,78.93,23,84,2.21,SN,1704937304
252,ciudad lazaro cardenas,17.9583,-102.2,76.37,81,98,6.04,MX,1704937305
253,olonkinbyen,70.9221,-8.7187,34.59,88,99,25.93,SJ,1704937306
254,mulanje,-16.0316,35.5,70.93,91,100,3.0,MW,1704937306
255,borba,-4.3878,-59.5939,73.17,99,100,2.53,BR,1704937307
256,holualoa,19.6228,-155.9522,76.84,89,20,13.8,US,1704937253
257,puerto lempira,15.2667,-83.7667,77.13,88,98,5.06,HN,1704937309
258,kununurra,-15.7667,128.7333,82.38,78,75,8.05,AU,1704937020
259,abalak,58.1286,68.5944,-16.65,91,100,11.97,RU,1704937310
260,el granada,37.5027,-122.4694,55.22,88,100,20.71,US,1704937311
261,tselinnoye,53.0833,85.6667,11.44,81,85,14.81,RU,1704937311
262,temiskaming shores,47.4938,-79.7153,8.4,88,100,9.42,CA,1704937312
263,cameron,26.117,-97.5169,67.1,83,0,12.66,US,1704937313
264,kailua-kona,19.6406,-155.9956,80.56,88,20,13.8,US,1704937314
265,guiratinga,-16.3494,-53.7583,71.33,94,55,7.85,BR,1704937314
266,talodi,10.6325,30.3797,75.22,35,0,7.02,SD,1704937315
267,pangkalpinang,-2.1333,106.1333,81.88,78,100,5.06,ID,1704937316
268,maribondo,-9.5772,-36.3053,74.21,93,26,5.1,BR,1704937317
269,irituia,-1.7711,-47.4381,74.23,98,100,2.98,BR,1704937318
270,tocopilla,-22.092,-70.1979,70.61,75,29,5.79,CL,1704937313
271,mili,6.0815,171.735,81.14,74,100,20.24,MH,1704937319
272,mirpur sakro,24.5474,67.6277,57.7,33,0,6.35,PK,1704937320
273,grand-popo,6.2804,1.8225,81.3,83,97,8.5,BJ,1704937321
274,kosh-agach,50.0,88.6667,10.31,84,42,1.01,RU,1704937322
275,solwezi,-12.1688,26.3894,62.76,99,100,7.54,ZM,1704937323
276,aasiaat,68.7098,-52.8699,17.73,84,100,16.78,GL,1704937323
277,remire-montjoly,4.9167,-52.2667,82.44,78,75,17.27,GF,1704937324
278,mae hong son,19.3003,97.9685,59.14,100,100,0.0,TH,1704937325
279,luanda,-8.8368,13.2343,78.8,2,69,3.44,AO,1704937325
280,prado,-17.3411,-39.2208,76.24,87,96,7.23,BR,1704937326
281,aitape,-3.1374,142.3475,85.55,71,100,5.37,PG,1704937326
282,yakeshi,49.2833,120.7333,-2.47,92,98,4.45,CN,1704937327
283,gobabis,-22.45,18.9667,73.83,23,99,13.29,NA,1704937327
284,dzhalagash,45.0833,64.6667,23.63,75,91,11.79,KZ,1704937328
285,plan de ayala,28.5694,-111.5588,59.52,42,14,6.8,MX,1704937329
286,sao caetano de odivelas,-0.75,-48.02,75.65,94,73,5.28,BR,1704937332
287,hamilton,39.1834,-84.5333,34.81,87,100,6.91,US,1704937049
288,yung shue wan,22.2333,114.1167,66.79,66,74,3.0,HK,1704937333
289,kingston,17.997,-76.7936,81.55,81,20,17.27,JM,1704936684
290,nova sintra,14.8667,-24.7167,70.3,65,10,7.11,CV,1704937339
291,half moon bay,37.4636,-122.4286,55.18,87,100,20.71,US,1704937339
292,aykhal,66.0,111.5,-33.03,100,53,4.52,RU,1704937340
293,ariquemes,-9.9133,-63.0408,73.72,97,61,3.6,BR,1704937341
294,hornell,42.3279,-77.6611,37.15,87,100,5.01,US,1704937298
295,rajpur,22.3,74.35,66.76,65,0,6.69,IN,1704937342
296,yeppoon,-23.1333,150.7333,85.78,65,98,14.23,AU,1704937348
297,sept-iles,50.2001,-66.3821,27.12,95,100,32.21,CA,1704937349
298,klyuchi,52.2667,79.1667,11.08,78,93,17.43,RU,1704937350
299,fortuna,40.5982,-124.1573,44.92,94,100,1.01,US,1704937350
300,nizhneudinsk,54.9076,99.0276,-1.35,81,100,6.78,RU,1704937351
301,ladyzhyn,48.685,29.2368,21.4,87,73,12.01,UA,1704937351
302,calliope,-24.0,151.2,85.84,54,40,14.97,AU,1704937352
303,male,4.1748,73.5089,80.55,89,100,16.11,MV,1704937353
304,hobyo,5.3505,48.5268,76.66,78,19,20.87,SO,1704937354
305,vizinga,61.0749,50.1031,-5.06,100,96,4.16,RU,1704937354
306,misratah,32.3754,15.0925,55.53,54,0,12.37,LY,1704937355
307,alaghsas,17.0187,8.0168,64.17,14,10,9.91,NE,1704937356
308,duba,27.3513,35.6901,67.59,43,4,9.1,SA,1704937356
309,praia a mare,39.9009,15.7793,51.15,78,100,5.99,IT,1704937357
310,east london,-33.0153,27.9116,71.06,94,98,3.33,ZA,1704937357
311,kishtwar,33.3167,75.7667,37.98,23,2,5.68,IN,1704937358
312,kuqa,41.7278,82.9364,24.85,56,22,0.87,CN,1704937358
313,verkhnevilyuysk,63.4453,120.3167,-30.14,99,94,1.25,RU,1704937359
314,wiener neustadt,47.8,16.25,24.31,80,4,1.3,AT,1704937360
315,vadso,70.0744,29.7487,25.68,73,20,16.11,NO,1704937360
316,mitu,1.1983,-70.1733,75.34,91,100,4.12,CO,1704937361
317,batesville,35.7698,-91.641,45.01,60,0,4.61,US,1704937361
318,lompoc,34.6391,-120.4579,54.79,92,100,14.97,US,1704937362
319,whakatane,-37.9585,176.9854,76.77,59,14,7.36,NZ,1704937362
320,dompu,-8.5356,118.4622,89.65,65,79,3.31,ID,1704937363
321,iwaki,37.05,140.8833,44.13,65,100,10.22,JP,1704937154
322,edd,13.9297,41.6925,76.05,60,1,14.65,ER,1704937364
323,angles,41.944,2.6323,44.28,81,100,11.5,ES,1704937364
324,keflavik,64.0049,-22.5624,45.03,76,75,28.77,IS,1704937365
325,jampur,29.6441,70.5954,52.61,35,0,6.55,PK,1704937365
326,tondon,10.3667,-13.35,70.63,79,82,1.34,GN,1704937366
327,meadow lakes,61.6247,-149.6011,22.19,83,0,0.0,US,1704937366
328,dailekh,28.8333,81.6667,48.43,31,0,4.83,NP,1704937367
329,castillos,-34.1667,-53.8333,69.87,97,100,3.42,UY,1704937367
330,high rock,26.6208,-78.2833,68.02,70,100,5.82,BS,1704937368
331,talnakh,69.4865,88.3972,-20.49,95,93,6.22,RU,1704937368
332,saldanha,-33.0117,17.9442,59.05,90,0,9.8,ZA,1704937369
333,mukalla,14.5425,49.1242,69.55,64,47,5.17,YE,1704937369
334,ulladulla,-35.35,150.4667,69.62,94,100,8.43,AU,1704937370
335,christchurch,-43.5333,172.6333,89.42,27,0,20.71,NZ,1704937292
336,kiunga,-6.1219,141.2906,86.76,66,100,3.89,PG,1704937370
337,vila franca do campo,37.7167,-25.4333,64.89,99,100,29.97,PT,1704937371
338,honolulu,21.3069,-157.8583,78.62,65,20,15.01,US,1704937360
339,hamada,34.8833,132.0833,39.92,60,4,4.85,JP,1704937372
340,touros,-5.1989,-35.4608,80.71,70,3,8.95,BR,1704937372
341,flying fish cove,-10.4217,105.6791,78.48,100,100,3.44,CX,1704937373
342,aldan,58.6031,125.3894,-2.67,98,100,4.23,RU,1704937373
343,linqiong,30.4159,103.4609,42.62,65,3,1.86,CN,1704937374
344,key west,24.5557,-81.7826,69.8,82,100,8.05,US,1704937110
345,sirte,31.2089,16.5887,55.38,60,84,9.04,LY,1704937375
346,khash,28.2211,61.2158,43.45,18,3,3.06,IR,1704937376
347,igaracu do tiete,-22.5092,-48.5578,72.99,80,94,6.82,BR,1704937376
348,louga,58.7372,29.8453,33.24,96,100,13.58,RU,1704937377
349,yuzhno-kurilsk,44.0306,145.8556,19.38,57,52,7.72,RU,1704937377
350,chackbay,29.8835,-90.7973,53.06,71,90,6.24,US,1704937378
351,beyneu,45.3167,55.2,22.33,85,100,19.06,KZ,1704937378
352,saudarkrokur,65.7461,-19.6394,33.58,79,2,12.48,IS,1704937379
353,ciudad bolivar,8.1222,-63.5497,79.88,71,100,13.15,VE,1704937379
354,new norfolk,-42.7826,147.0587,74.71,33,1,5.32,AU,1704937380
355,corralejo,28.7424,-13.8684,66.31,82,2,12.33,ES,1704937380
356,chegdomyn,51.1167,133.0167,-16.47,85,28,1.63,RU,1704937381
357,eynesil,41.0645,39.1438,43.02,81,100,5.14,TR,1704937381
358,spring lake,35.1679,-78.9728,44.76,75,0,0.0,US,1704937382
359,mount isa,-20.7333,139.5,78.57,89,100,6.91,AU,1704937383
360,baiyin,36.5583,104.2081,31.95,24,0,4.36,CN,1704937383
361,nagqu,31.5,92.0,6.13,32,26,3.18,CN,1704937384
362,saint-pierre,-21.3393,55.4781,73.08,78,0,5.75,RE,1704937384
363,shalqar,47.8333,59.6,14.92,94,100,5.95,KZ,1704937385
364,qingyuan,23.7,113.0333,60.78,59,95,2.68,CN,1704937385
365,trancas,-26.2314,-65.2803,69.13,98,100,3.42,AR,1704937386
366,taksimo,56.3444,114.8794,-1.25,91,100,3.29,RU,1704937386
367,alta,69.9689,23.2717,22.19,80,75,9.22,NO,1704937387
368,zheleznogorsk-ilimskiy,56.5768,104.1217,-30.64,100,38,3.0,RU,1704937388
369,brookings,44.3114,-96.7984,20.1,96,100,8.05,US,1704937113
370,anadyr,64.75,177.4833,-14.01,75,87,20.13,RU,1704937389
371,praia da vitoria,38.7333,-27.0667,60.76,94,75,38.25,PT,1704937390
372,winnemucca,40.973,-117.7357,26.65,80,100,0.0,US,1704937346
373,ishigaki,24.3448,124.1572,62.73,55,75,8.05,JP,1704937395
374,san antonio de pale,-1.4014,5.6325,81.01,75,69,11.41,GQ,1704937396
375,arteche,12.2645,125.4048,80.82,86,66,9.26,PH,1704937396
376,leh,34.1667,77.5833,15.55,38,11,2.48,IN,1704937397
377,la'ie,21.6477,-157.9253,78.76,66,5,5.01,US,1704937397
378,floro,61.5996,5.0328,42.76,70,100,11.5,NO,1704937398
379,carutapera,-1.195,-46.02,78.64,86,61,5.53,BR,1704937400
380,logrono,42.4667,-2.45,37.42,81,100,4.61,ES,1704937401
381,tura,25.5198,90.2201,58.96,55,0,0.56,IN,1704937402
382,vernon,50.2581,-119.2691,27.21,50,38,3.44,CA,1704937402
383,stephenville,32.2207,-98.2023,53.76,36,0,1.01,US,1704937403
384,sao gabriel da cachoeira,-0.1303,-67.0892,73.71,99,100,2.13,BR,1704937404
385,inderbor,48.55,51.7833,1.78,95,29,8.72,KZ,1704937404
386,mahina,-17.5065,-149.489,83.97,74,75,17.27,PF,1704937405
387,loen,7.7601,168.2307,81.93,71,100,20.13,MH,1704937405
388,xapuri,-10.6517,-68.5044,74.88,88,100,3.02,BR,1704937406
389,san julian,21.0167,-102.1667,56.91,45,100,8.66,MX,1704937407
390,labrador city,52.9463,-66.9114,13.91,79,100,10.36,CA,1704937407
391,yigo village,13.5361,144.8886,83.52,79,40,10.36,GU,1704937408
392,khandyga,62.6667,135.6,-47.31,96,47,2.17,RU,1704937409
393,kirensk,57.7853,108.1119,-31.86,100,67,1.41,RU,1704937409
394,fort wellington,6.4,-57.6,77.18,89,45,11.32,GY,1704937410
395,neryungri,56.6709,124.6491,-2.6,98,100,3.91,RU,1704937410
396,warrnambool,-38.3833,142.4833,67.87,68,0,10.87,AU,1704937412
397,upata,8.0086,-62.3989,76.19,90,84,4.36,VE,1704937412
398,chernyshevsk,52.5243,117.0174,-14.64,98,82,1.07,RU,1704937413
399,hell-ville,-13.4,48.2667,80.64,79,100,5.55,MG,1704937413
400,ust'-uda,54.1742,103.0304,-25.62,100,100,2.89,RU,1704937414
401,fort mcmurray,56.7268,-111.381,-20.61,69,100,6.91,CA,1704937414
402,mejit,10.2753,170.8646,79.86,82,100,24.54,MH,1704937415
403,hue,16.4667,107.6,75.31,78,75,8.05,VN,1704937416
404,yaren,-0.5472,166.916,84.87,74,76,8.77,NR,1704937416
405,ouesso,1.6136,16.0517,74.79,61,92,3.31,CG,1704937417
406,hutchinson island south,27.2995,-80.2205,62.62,77,40,5.99,US,1704937418
407,vilyuysk,63.7553,121.6247,-44.7,99,84,2.89,RU,1704937418
408,yanchep,-31.55,115.6833,84.02,46,100,8.77,AU,1704937419
409,lujan,-34.5703,-59.105,74.01,99,2,6.31,AR,1704937419
410,ivatsevichy,52.709,25.3401,30.49,96,100,15.57,BY,1704937420
411,tual,-5.6667,132.75,84.47,77,97,13.73,ID,1704937420
412,naha,26.2125,127.6811,64.31,47,40,21.85,JP,1704937421
413,itaperuna,-21.205,-41.8878,73.6,92,95,0.31,BR,1704937421
414,cobija,-11.0267,-68.7692,75.74,85,97,3.38,BO,1704937422
415,ilovlya,49.3033,43.9796,6.46,91,100,3.71,RU,1704937422
416,naze,28.3667,129.4833,56.32,50,2,17.0,JP,1704937424
417,eastham,41.8301,-69.9739,44.98,65,0,10.36,US,1704937424
418,wanning,18.8003,110.3967,70.99,79,100,9.89,CN,1704937425
419,candelaria,13.9311,121.4233,78.39,73,52,10.8,PH,1704937425
420,sandnessjoen,66.0217,12.6316,36.12,75,100,24.38,NO,1704937426
421,aleksandriyskaya,44.2272,43.3453,18.23,84,17,3.65,RU,1704937427
422,heniches'k,46.1759,34.8034,31.12,87,100,10.4,UA,1704937428
423,kasane,-17.8167,25.15,67.68,94,100,2.91,BW,1704937429
424,rongelap,11.1635,166.8941,80.47,79,93,22.37,MH,1704937429
425,bamboo flat,11.7,92.7167,73.49,94,16,2.3,IN,1704937429
426,giado,31.9582,12.0203,46.99,27,21,10.02,LY,1704937430
427,nogliki,51.8333,143.1667,-10.66,95,29,4.0,RU,1704937431
428,tarandacuao,20.0,-100.5333,55.18,66,100,5.21,MX,1704937431
429,jaffna,9.6685,80.0074,79.14,78,100,14.88,LK,1704937432
430,marsabit,2.3284,37.9899,69.76,35,100,8.08,KE,1704937432
431,manturovo,58.3353,44.7619,3.78,95,100,11.1,RU,1704937433
432,uglegorsk,49.0833,142.0333,3.6,81,66,4.03,RU,1704937433
433,portel,-1.9356,-50.8211,75.74,94,79,4.97,BR,1704937434
434,parun,35.4207,70.9221,23.52,27,10,9.53,AF,1704937434
435,broken hill,-31.95,141.4333,90.46,25,0,17.22,AU,1704937435
436,machico,32.7,-16.7667,68.0,88,40,13.8,PT,1704937435
437,sabzevar,36.2126,57.6819,46.2,29,98,2.71,IR,1704937436
438,bulata,9.8599,122.4016,83.01,75,36,13.31,PH,1704937437
439,gebeit,21.0667,36.3167,65.53,96,15,4.54,SD,1704937438
440,hollfeld,49.9386,11.2925,24.31,63,0,2.44,DE,1704937439
441,dudinka,69.4058,86.1778,-16.6,93,100,9.35,RU,1704937440
442,nieuw amsterdam,5.8833,-55.0833,79.02,86,100,8.63,SR,1704937440
443,cuyo,10.8525,121.0086,80.42,85,16,25.21,PH,1704937441
444,imbituba,-28.24,-48.6703,74.98,96,100,4.99,BR,1704937441
445,fortaleza,-3.7227,-38.5247,83.21,78,75,9.22,BR,1704937411
446,nuuk,64.1835,-51.7216,23.61,86,100,11.5,GL,1704937202
447,pisco,-13.7,-76.2167,73.02,83,0,17.27,PE,1704937443
448,olavarria,-36.8927,-60.3225,64.26,60,6,17.96,AR,1704937443
449,villa emilio carranza,19.9667,-96.6,69.21,85,79,8.1,MX,1704937444
450,oltinko'l,40.8011,72.1634,45.12,45,100,2.73,UZ,1704937444
451,petropavlovsk-kamchatsky,53.0452,158.6483,5.59,47,40,6.71,RU,1704937447
452,el fasher,13.6279,25.3494,63.84,37,0,6.08,SD,1704937447
453,altai,46.3722,96.2583,19.09,61,34,6.64,MN,1704937448
454,pueblo yaqui,27.35,-110.0333,59.45,36,62,5.3,MX,1704937448
455,ilha de mocambique,-15.0342,40.7358,79.86,85,82,5.1,MZ,1704937449
456,hirara,24.8,125.2833,60.66,63,75,14.97,JP,1704937449
457,blackfoot,43.1905,-112.345,25.61,94,77,6.85,US,1704937450
458,hithadhoo,-0.6,73.0833,82.4,72,87,2.75,MV,1704937451
459,kenora,49.8167,-94.4337,14.97,92,100,8.05,CA,1704937451
460,bogale,16.2833,95.4,73.65,50,57,5.77,MM,1704937452
461,lazaro cardenas,17.9583,-102.2,76.37,81,98,6.04,MX,1704937452
462,bandarbeyla,9.4942,50.8122,73.71,76,24,17.36,SO,1704937453
463,baharly,38.4362,57.4316,43.43,70,100,4.27,TM,1704937453
464,meadow lake,34.8014,-106.5436,38.7,40,12,1.83,US,1704937454
465,rabo de peixe,37.8,-25.5833,63.99,99,20,26.46,PT,1704937454
466,kashgar,39.4547,75.9797,25.81,58,100,4.47,CN,1704937455
467,newman,37.3138,-121.0208,54.05,77,100,5.99,US,1704937455
468,mandalgovi,45.7625,106.2708,8.65,78,5,8.19,MN,1704937456
469,mazamari,-11.3258,-74.5308,74.23,92,94,1.68,PE,1704937457
470,tomatlan,19.9333,-105.25,65.21,92,100,2.3,MX,1704937458
471,natal,-5.795,-35.2094,83.05,78,20,10.36,BR,1704937409
472,tralee,52.2704,-9.7026,37.63,87,95,5.26,IE,1704937459
473,abra pampa,-22.7205,-65.697,54.99,61,100,6.8,AR,1704937460
474,keningau,5.3378,116.1602,81.86,71,88,3.13,MY,1704937460
475,pahlgam,34.0333,75.3333,26.15,34,13,11.48,IN,1704937460
476,paka,4.6374,103.4368,84.13,79,40,6.91,MY,1704937461
477,ar rutbah,33.0381,40.2848,46.72,69,29,9.04,IQ,1704937462
478,santa cruz,-17.8,-63.1667,76.46,88,75,9.22,BO,1704937463
479,singkil,-7.9855,111.4161,84.36,74,97,4.25,ID,1704937464
480,minot,48.2325,-101.2963,1.62,71,0,24.16,US,1704937465
481,deqen,29.9618,90.7188,25.75,21,0,3.76,CN,1704937465
482,sogndal,61.2283,7.1003,23.38,73,100,0.0,NO,1704937467
483,oamaru,-45.0784,170.9801,80.82,38,7,9.15,NZ,1704937467
484,gaalkacyo,6.7697,47.4308,68.5,68,6,8.25,SO,1704937468
485,kavaratti,10.5669,72.642,83.57,69,93,7.85,IN,1704937468
486,adelia maria,-33.6315,-64.021,69.64,89,100,15.01,AR,1704937470
487,yanam,16.7333,82.2167,69.66,82,99,2.86,IN,1704937471
488,chokwe,-24.5333,32.9833,73.17,84,19,3.31,MZ,1704937471
489,taoudenni,22.6783,-3.9836,66.11,14,100,8.28,ML,1704937472
490,karukh,34.4811,62.5863,45.46,19,7,2.01,AF,1704937473
491,xingcheng,40.6167,120.7167,34.21,51,99,9.93,CN,1704937473
492,nadi,-17.8,177.4167,87.8,70,75,14.97,FJ,1704937474
493,marka,1.7159,44.7717,76.3,82,14,15.14,SO,1704937475
494,colby,39.3958,-101.0524,24.85,74,0,6.91,US,1704937475
495,lae,-6.7221,146.9847,87.08,65,100,3.33,PG,1704937476
496,mersing,2.4312,103.8405,80.51,89,20,10.36,MY,1704937476
497,kushiro,42.975,144.3747,16.75,62,20,4.61,JP,1704937477
498,alakurtti,66.9672,30.3491,15.76,83,88,15.26,RU,1704937478
499,lys'va,58.1086,57.8053,-18.71,100,100,3.62,RU,1704937478
500,obidos,-1.9175,-55.5181,79.5,68,91,3.2,BR,1704937479
501,al mindak,20.1588,41.2834,51.4,42,0,2.44,SA,1704937479
502,cockburn town,21.4612,-71.1419,78.15,86,100,15.57,TC,1704937480
503,nar'yan-mar,67.6713,53.087,-10.89,96,78,8.99,RU,1704937481
504,yushu,44.8,126.5333,16.03,94,100,10.42,CN,1704937481
505,beitbridge,-22.2167,30.0,77.58,68,93,2.86,ZW,1704937482
506,batroun,34.2553,35.6581,54.55,92,100,15.32,LB,1704937482
507,bel ombre,-4.6167,55.4167,82.24,78,40,6.91,SC,1704937483
508,mbandaka,0.0487,18.2603,74.93,68,79,3.76,CD,1704937483
509,akcadag,38.3453,37.9672,38.39,93,100,4.61,TR,1704937484
510,ngambe,4.2333,10.6167,67.82,98,33,1.66,CM,1704937484
511,galappo,-4.2667,35.85,63.68,97,100,2.91,TZ,1704937485
512,pangoa,-12.1167,-73.0,71.28,97,87,1.39,PE,1704937485
513,markovo,57.3206,107.0881,-27.78,100,41,2.71,RU,1704937486
514,ribeira brava,32.65,-17.0667,68.0,82,95,14.43,PT,1704937487
515,grandview,38.8858,-94.533,34.95,82,0,11.5,US,1704937487
516,ostersund,63.1792,14.6357,39.61,87,100,13.8,SE,1704937488
517,kapa'a,22.0752,-159.319,73.72,76,20,9.22,US,1704937488
518,newquay,50.4132,-5.0819,34.56,80,22,9.22,GB,1704937489
519,ipameri,-17.7219,-48.1597,69.33,90,100,2.3,BR,1704937489
520,kangding,30.0513,101.9603,42.6,34,0,1.48,CN,1704937490
521,huilong,31.8111,121.655,41.31,56,5,8.72,CN,1704937490
522,bubaque,11.2833,-15.8333,79.27,60,91,13.71,GW,1704937491
523,talcahuano,-36.7167,-73.1167,60.48,67,0,11.5,CL,1704937491
524,titusville,28.6122,-80.8075,56.05,88,0,0.0,US,1704937492
525,albertina,-22.2008,-46.6158,66.27,96,99,2.8,BR,1704937492
526,jiaojiang,28.6803,121.4428,46.0,52,0,1.12,CN,1704937493
527,swift current,50.2834,-107.8014,-6.79,84,100,12.66,CA,1704937214
528,sao jose da coroa grande,-8.8978,-35.1478,78.06,84,8,8.68,BR,1704937493
529,egilsstadir,65.2653,-14.3948,26.51,80,0,2.3,IS,1704937495
530,ulsteinvik,62.3432,5.8487,42.75,91,100,1.99,NO,1704937495
531,maceio,-9.6658,-35.7353,76.44,100,75,9.22,BR,1704937496
532,thiruvananthapuram,8.4833,76.9167,78.78,83,75,2.3,IN,1704937393
533,kasongo-lunda,-6.4667,16.8167,70.92,97,100,1.63,CD,1704937497
534,katsuren-haebaru,26.3369,127.8719,64.42,45,75,17.27,JP,1704937498
535,borogontsy,62.6683,131.1683,-46.34,100,89,3.47,RU,1704937498
536,listowel,52.4464,-9.485,38.91,88,92,5.03,IE,1704937500
537,usogorsk,63.4106,48.6872,2.66,97,100,5.79,RU,1704937500
538,gorontalo,0.5412,123.0595,89.01,62,94,4.81,ID,1704937501
539,kitimat,54.0524,-128.6534,21.9,84,100,1.01,CA,1704937501
540,kenai,60.5544,-151.2583,18.14,93,75,4.61,US,1704937502
541,smithers,54.7804,-127.1743,12.52,85,100,6.91,CA,1704937503
542,bridgewater,44.3835,-64.5155,45.1,93,100,14.97,CA,1704937504
543,kerikeri,-35.2268,173.9474,73.83,56,41,7.99,NZ,1704937504
544,marquette,46.5333,-87.6335,24.67,88,100,2.1,US,1704937505
545,tommot,58.9564,126.2925,0.91,96,100,7.18,RU,1704937505
546,ola,59.5833,151.2833,-8.64,86,94,5.41,RU,1704937506
547,kuhmo,64.1333,29.5167,14.18,80,38,13.04,FI,1704937506
548,ivdel',60.6911,60.4206,-23.82,96,69,4.0,RU,1704937507
549,san juan nepomuceno,9.9516,-75.082,76.28,90,6,5.91,CO,1704937508
550,xique xique,-10.8217,-42.7311,82.71,63,100,3.22,BR,1704937508
551,bom jesus,-9.0744,-44.3586,77.65,74,99,1.43,BR,1704937509
552,spearfish,44.4908,-103.8594,20.08,75,100,4.61,US,1704937498
553,chengde,40.9725,117.9361,24.22,67,2,3.22,CN,1704937510
554,seminole,28.7086,-81.2081,55.76,80,0,10.36,US,1704937511
555,terme,41.2092,36.9739,39.13,68,100,2.55,TR,1704937513
556,princeville,45.7668,-61.2985,40.6,97,100,11.5,CA,1704937514
557,spanish springs,39.6491,-119.7074,40.59,84,100,16.11,US,1704937515
558,mombetsu,44.3525,143.3525,14.02,67,20,1.14,JP,1704937516
559,shache,38.4167,77.2406,24.71,55,100,1.72,CN,1704937516
560,port victoria,0.0939,33.9756,70.23,72,100,4.5,KE,1704937517
561,zhangjiajie,29.1294,110.4783,53.44,58,5,3.58,CN,1704937517
562,tolanaro,-25.0319,46.9987,77.07,83,40,20.71,MG,1704937518
563,selma,36.5708,-119.6121,55.18,77,100,0.0,US,1704937430
564,yambio,4.5721,28.3955,70.36,37,45,2.3,SS,1704937519
565,lafiagi,8.8667,5.4167,73.72,14,4,3.31,NG,1704937520
566,sihanoukville,10.6093,103.5296,80.55,89,40,3.44,KH,1704937521
567,santa ana,33.7456,-117.8678,58.8,70,75,6.91,US,1704937444
568,ballina,-28.8667,153.5667,77.77,81,39,11.32,AU,1704937522
569,baykalovo,57.3981,63.7684,-20.7,95,64,8.57,RU,1704937523
570,bopolu,7.0667,-10.4875,74.26,96,79,2.26,LR,1704937524
571,rudbar,30.15,62.6,51.57,26,0,3.56,AF,1704937524
572,bijie,27.3125,105.2942,42.28,91,100,1.45,CN,1704937525
573,villa zempoala,19.45,-96.4167,71.51,88,100,3.04,MX,1704937526
574,as sulayyil,20.4607,45.5779,50.25,36,18,6.98,SA,1704937526
575,i-n-salah,27.1935,2.4607,61.74,14,100,8.25,DZ,1704937527
576,al kharijah,25.4514,30.5464,51.1,65,3,7.18,EG,1704937527
577,norilsk,69.3535,88.2027,-18.71,97,95,6.87,RU,1704937528
578,tynda,55.1667,124.7167,-16.19,97,100,0.54,RU,1704937529
579,qamdo,31.1667,97.2333,19.27,22,0,4.47,CN,1704937529
580,as samawah,31.332,45.2944,59.63,50,66,1.41,IQ,1704937530
581,dwarka,22.2394,68.9678,67.48,49,0,12.64,IN,1704937531
582,puerto madryn,-42.7692,-65.0385,57.56,50,0,13.82,AR,1704937531
583,mabamba,-3.5983,30.5019,63.64,98,100,2.06,TZ,1704937532
584,lydenburg,-25.0978,30.4597,61.0,89,71,0.34,ZA,1704937533
585,khobar,26.2794,50.2083,66.15,94,0,4.61,SA,1704937533
586,taunggyi,20.7833,97.0333,57.65,50,39,2.13,MM,1704937534
587,labytnangi,66.6572,66.4183,-5.15,86,100,19.42,RU,1704937535
588,palmer,42.1584,-72.3287,43.97,61,100,12.66,US,1704937484
589,petoskey,45.3733,-84.9553,31.1,85,100,4.61,US,1704937288
590,charlestown,-32.95,151.6667,89.02,72,13,7.0,AU,1704937248
591,pierre,44.3683,-100.351,15.85,70,40,17.27,US,1704937421
592,champerico,14.3,-91.9167,79.47,72,8,5.79,GT,1704937538
593,shubarshi,48.5872,57.1869,8.1,95,100,8.52,KZ,1704937538
594,siguiri,11.6667,-9.5,78.15,19,99,0.67,GN,1704937539
595,helena,46.5927,-112.0361,15.31,74,100,9.22,US,1704937525
596,rampur,28.8167,79.0333,44.22,42,0,6.26,IN,1704937540
